drop database main;
create database main;
use main;
 
 
-- Generated by Oracle SQL Developer Data Modeler 4.0.3.853
--   at:        2015-06-12 22:59:59 CEST
--   site:      Oracle Database 11g
--   type:      Oracle Database 11g
 
CREATE TABLE hotel
  (
    id_hotel INTEGER NOT NULL ,
    nazwa    NVARCHAR (100) NOT NULL ,
    adres    NVARCHAR (200) NOT NULL ,
    email    VARCHAR (50)
  ) ;
ALTER TABLE hotel ADD CONSTRAINT hotel_PK PRIMARY KEY ( id_hotel ) ;
 
CREATE TABLE komentarz
  (
    id_komentarz              INTEGER NOT NULL ,
    tresc                     NVARCHAR (200) NOT NULL ,
    recenzja_id_recenzja      INTEGER NOT NULL ,
    data                      DATE NOT NULL ,
    uzytkownik_id_uzytkownika INTEGER NOT NULL
  ) ;
 
  ALTER TABLE komentarz ADD CONSTRAINT komentarz_PK PRIMARY KEY ( id_komentarz ) ;
 
CREATE TABLE konferencja
  (
    id_konferencja   INTEGER NOT NULL ,
    nazwa            NVARCHAR (45) NOT NULL ,
    data_rozpoczecia DATETIME NOT NULL ,
    data_zakonczenia DATETIME NOT NULL ,
    czas             TIME NOT NULL,
    adres            NVARCHAR (45) NOT NULL ,
    aktywna          BOOLEAN ,
    koszty           INTEGER ,
    sesja_id_sesja   INTEGER NOT NULL
  ) ;
 
  ALTER TABLE konferencja ADD CONSTRAINT konferencja_PK PRIMARY KEY ( id_konferencja ) ;
 
CREATE TABLE oplaty
  (
    id_oplaty INTEGER NOT NULL ,
    konferencja_id_konferencja INTEGER NOT NULL ,
    kwota     INTEGER NOT NULL ,
    nazwa     NVARCHAR (50) NOT NULL
  ) ;
 
  ALTER TABLE oplaty ADD CONSTRAINT oplaty_PK PRIMARY KEY ( id_oplaty ) ;
 
CREATE TABLE p_recenzenta
  (
    id_przypisania            INTEGER NOT NULL ,
    referat_id_referat        INTEGER NOT NULL ,
    uzytkownik_id_uzytkownika INTEGER NOT NULL
  ) ;
 
  ALTER TABLE p_recenzenta ADD CONSTRAINT p_recenzenta_PK PRIMARY KEY ( id_przypisania ) ;
 
CREATE TABLE przypisanie
  (
    wplata                     BOOLEAN,
    kwota                      INTEGER ,
    hotel_id_hotel             INTEGER NOT NULL ,
    id_przypisanie             INTEGER NOT NULL ,
    uzytkownik_id_uzytkownika  INTEGER NOT NULL ,
    konferencja_id_konferencja INTEGER NOT NULL
  ) ;
 
  ALTER TABLE przypisanie ADD CONSTRAINT przypisanie_PK PRIMARY KEY ( id_przypisanie ) ;
 
CREATE TABLE recenzja
  (
    id_recenzja                 INTEGER NOT NULL ,
    nazwa                       NVARCHAR (100) NOT NULL ,
    tresc                       NVARCHAR (1000) NOT NULL ,
    zatwierdzona                BOOLEAN ,
    wyrozniony                  BOOLEAN NOT NULL,
    ocena_zgodnosci             INTEGER NOT NULL,
    ocena_oryginalnosci         INTEGER NOT NULL,
    ocena_jakosci               INTEGER NOT NULL,
    ocena_poprawnosci           INTEGER NOT NULL,
    p_recenzenta_id_przypisania INTEGER NOT NULL
  ) ;
 
  ALTER TABLE recenzja ADD CONSTRAINT recenzja_PK PRIMARY KEY ( id_recenzja ) ;
 
CREATE TABLE referat
  (
    id_referat                 INTEGER NOT NULL ,
    nazwa                      NVARCHAR (150) NOT NULL ,
    tresc                      NVARCHAR (2000) NOT NULL,
    poprawiony                 BOOLEAN ,
    zatwierdzony               BOOLEAN ,
    przypisanie_id_przypisanie INTEGER NOT NULL
  ) ;
 
  ALTER TABLE referat ADD CONSTRAINT referat_PK PRIMARY KEY ( id_referat ) ;
 
CREATE TABLE sesja
  (
    id_sesja INTEGER NOT NULL ,
    nazwa    NVARCHAR (100) NOT NULL
  ) ;
 
  ALTER TABLE sesja ADD CONSTRAINT sesja_PK PRIMARY KEY ( id_sesja ) ;
 
CREATE TABLE uzytkownik
  (
    id_uzytkownika  INTEGER NOT NULL ,
    email           VARCHAR (30) NOT NULL ,
    haslo           VARCHAR (100) NOT NULL ,
    imie            NVARCHAR (20) NOT NULL ,
    nazwisko        NVARCHAR (45) NOT NULL ,
    adres           NVARCHAR (45) ,
    firma           NVARCHAR (45) ,
    nr_tel          INTEGER ,
    aktywny         BOOLEAN ,
    uczestnik       BOOLEAN ,
    adm             BOOLEAN ,
    recenzent       BOOLEAN ,
    oplaty          INTEGER ,
    komentarz_admin NVARCHAR (100)
  ) ;
  ALTER TABLE uzytkownik ADD CONSTRAINT uzytkownik_PK PRIMARY KEY ( id_uzytkownika ) ;
 
ALTER TABLE komentarz ADD CONSTRAINT komentarz_recenzja_FK FOREIGN KEY ( recenzja_id_recenzja ) REFERENCES recenzja ( id_recenzja ) ON DELETE CASCADE ;
 
ALTER TABLE komentarz ADD CONSTRAINT komentarz_uzytkownik_FK FOREIGN KEY ( uzytkownik_id_uzytkownika ) REFERENCES uzytkownik ( id_uzytkownika ) ON DELETE CASCADE;
 
ALTER TABLE oplaty ADD CONSTRAINT oplaty_konferencja_FK FOREIGN KEY ( konferencja_id_konferencja ) REFERENCES konferencja ( id_konferencja ) ON DELETE CASCADE;
 
ALTER TABLE konferencja ADD CONSTRAINT konferencja_sesja_FK FOREIGN KEY ( sesja_id_sesja ) REFERENCES sesja ( id_sesja ) ON DELETE CASCADE ;
 
ALTER TABLE p_recenzenta ADD CONSTRAINT p_recenzenta_referat_FK FOREIGN KEY ( referat_id_referat ) REFERENCES referat ( id_referat ) ON DELETE CASCADE;
 
ALTER TABLE p_recenzenta ADD CONSTRAINT p_recenzenta_uzytkownik_FK FOREIGN KEY ( uzytkownik_id_uzytkownika ) REFERENCES uzytkownik ( id_uzytkownika )ON DELETE CASCADE ;
 
ALTER TABLE przypisanie ADD CONSTRAINT przypisanie_hotel_FK FOREIGN KEY ( hotel_id_hotel ) REFERENCES hotel ( id_hotel ) ON DELETE CASCADE;
 
ALTER TABLE przypisanie ADD CONSTRAINT przypisanie_konferencja_FK FOREIGN KEY ( konferencja_id_konferencja ) REFERENCES konferencja ( id_konferencja ) ON DELETE CASCADE;
 
ALTER TABLE przypisanie ADD CONSTRAINT przypisanie_uzytkownik_FKv1 FOREIGN KEY ( uzytkownik_id_uzytkownika ) REFERENCES uzytkownik ( id_uzytkownika ) ON DELETE CASCADE ;
 
ALTER TABLE recenzja ADD CONSTRAINT recenzja_p_recenzenta_FK FOREIGN KEY ( p_recenzenta_id_przypisania ) REFERENCES p_recenzenta ( id_przypisania ) ON DELETE CASCADE ;
 
ALTER TABLE referat ADD CONSTRAINT referat_przypisanie_FK FOREIGN KEY ( przypisanie_id_przypisanie ) REFERENCES przypisanie ( id_przypisanie ) ON DELETE CASCADE ;
 
 
-- Oracle SQL Developer Data Modeler Summary Report:
--
-- CREATE TABLE                            10
-- CREATE INDEX                             0
-- ALTER TABLE                             21
-- CREATE VIEW                              0
-- CREATE PACKAGE                           0
-- CREATE PACKAGE BODY                      0
-- CREATE PROCEDURE                         0
-- CREATE FUNCTION                          0
-- CREATE TRIGGER                           0
-- ALTER TRIGGER                            0
-- CREATE COLLECTION TYPE                   0
-- CREATE STRUCTURED TYPE                   0
-- CREATE STRUCTURED TYPE BODY              0
-- CREATE CLUSTER                           0
-- CREATE CONTEXT                           0
-- CREATE DATABASE                          0
-- CREATE DIMENSION                         0
-- CREATE DIRECTORY                         0
-- CREATE DISK GROUP                        0
-- CREATE ROLE                              0
-- CREATE ROLLBACK SEGMENT                  0
-- CREATE SEQUENCE                          0
-- CREATE MATERIALIZED VIEW                 0
-- CREATE SYNONYM                           0
-- CREATE TABLESPACE                        0
-- CREATE USER                              0
--
-- DROP TABLESPACE                          0
-- DROP DATABASE                            0
--
-- REDACTION POLICY                         0
--
-- ERRORS                                   1
-- WARNINGS                                 0
 
INSERT INTO uzytkownik VALUES (1,"bogdan@tlen.pl","abc","Bogdan","Majewski","Krosno","Grupa Lotos",123456789,1,1,0,0,100,"");
INSERT INTO uzytkownik VALUES (2,"grzegorz@gmail.com","123","Grzegorz","Kaliski","Krakow","Jeronimo Martins",889761937,1,1,0,0,110,"");
INSERT INTO uzytkownik VALUES (3,"hania@gmail.com","abc","Halina","Kowalska","Brzozy","PRz",123453789,1,1,0,0,120,"");
INSERT INTO uzytkownik VALUES (4,"jan@wp.pl","kasia","Jan","Kowalski","Lipsko","PKN Orlen",111222333,1,1,0,0,300,"");
INSERT INTO uzytkownik VALUES (5,"alina@wp.pl","halina","Alina","Nowak","Warszawa","Tauron",147258369,1,1,0,0,100,"");
INSERT INTO uzytkownik VALUES (6,"jakub@tlen.pl","abc","Jakub","Lewandowski", "Szczecin","PZU",123456789,1,1,0,0,100,"");
INSERT INTO uzytkownik VALUES (7,"lena@gmail.com","123","Lena","Kowalczyk","Malbork","Orange Polska",889761937,1,1,0,0,200,"");
INSERT INTO uzytkownik VALUES (8,"zuza@gmail.com","abc","Zuzanna","Krawczyk","Staroniwa","Tesco",123453789,1,1,0,0,100,"");
INSERT INTO uzytkownik VALUES (9,"kacper@wp.pl","kasia","Kacper","Piotrowski","Jawornik","PRz",111222333,1,1,0,0,100,"");
INSERT INTO uzytkownik VALUES (10,"zoska@wp.pl","halina","Zofia","Michalska","Kielce","Lidl Polska",147258369,1,1,0,0,150,"");
INSERT INTO uzytkownik VALUES (11,"patryk@tlen.pl","abc","Patryk","Jankowski", "Police","Bank Pekao",123456789,0,1,0,0,100,"");
INSERT INTO uzytkownik VALUES (12,"olaola@gmail.com","123","Aleksandra","Nowicka","Opole","Kopalnia węglowa",889761937,0,1,0,0,100,"");;
INSERT INTO uzytkownik VALUES (13,"franio@gmail.com","abc","Franciszek","Dudek","Zakopane","Shell Polska",123453789,1,0,1,0,0,"");
INSERT INTO uzytkownik VALUES (14,"nikola@wp.pl","kasia","Nikola","Kaczmarek","Rybnik","Enea",111222333,1,0,1,0,0,"");
INSERT INTO uzytkownik VALUES (15,"piotr@wp.pl","halina","Piotr","Mazur","Sopot","Pelion",147258369,1,0,1,0,0,"");
INSERT INTO uzytkownik VALUES (16,"oliwa@tlen.pl","abc","Oliwia","Adamczyk", "Lublin","Samsung Polska",123456789,1,0,0,1,0,"");
INSERT INTO uzytkownik VALUES (17,"mati@gmail.com","123","Mateusz","Malinowski","Ropczyce","Asseco Polans",889761937,1,0,0,1,0,"");
INSERT INTO uzytkownik VALUES (18,"maria@gmail.com","abc","Maria","Walczak","Olsztyn","Prz",123453789,1,0,0,1,0,"");
INSERT INTO uzytkownik VALUES (19,"igor@wp.pl","kasia","Igor","Witowski","Kluczbork","Poczta Polska",111222333,1,0,0,1,0,"");
INSERT INTO uzytkownik VALUES (20,"toska@wp.pl","halina","Jagoda","Wawrzaszek","Gliwice","Neuca",147258369,1,0,0,1,0,"");
INSERT INTO hotel VALUES (1,"Grand", "Rzeszow", "info@hotel.pl");
INSERT INTO hotel VALUES (2,"Tokio", "Rzeszow", "recepcja@hotel.pl");
INSERT INTO hotel VALUES (3,"California", "Krakow", "recepcjakrk@hotel.pl");
INSERT INTO sesja VALUES (1,"Nauki humanistyczne");
INSERT INTO sesja VALUES (2,"Nauki przyrodnicze");
INSERT INTO sesja VALUES (3,"Nauki techniczne");
INSERT INTO sesja VALUES (4,"Polityka");
INSERT INTO sesja VALUES (5,"Pozostale");
INSERT INTO konferencja VALUES (1, "Technologia zywnosci i zywienie czlowieka", '2015-06-11 10:00:00', '2015-06-12 18:00:00',"", "Rzeszow",1, 150,2);
INSERT INTO konferencja VALUES (2, "Ochrona i rekultywacja jezior", '2015-06-30 10:00:00', '2015-07-02 16:00:00',"", "Rzeszow",1, 200,2);
INSERT INTO konferencja VALUES (3, "Problematyka miedzykulturowa w mediach", '2015-06-29 10:00:00', '2015-07-02 12:00:00', "","Krakow",1, 300,1);
INSERT INTO konferencja VALUES (4, "IT Future Expo", "2015-07-11 09:00:00", '2015-07-15 10:00:00', "", "Rzeszow",1, 150,3);
INSERT INTO konferencja VALUES (5, "Zjawisko bezrobocia wsrod osob studiujacych na kierunku Zarzadzanie", '2015-07-30 15:00:00','2015-08-02 20:00:00', "", "Rzeszow",1, 200,1);
INSERT INTO konferencja VALUES (6, "Ochrona zieleni miejskiej", '2015-08-03 11:00:00', '2015-08-03 15:00:00', "","Krakow",1, 300,2);
INSERT INTO konferencja VALUES (7, "Oblicza Ingardena", '2015-08-03 12:00:00', '2015-08-04 20:00:00', "", "Rzeszow",1, 150,1);
INSERT INTO konferencja VALUES (8, "Amerykanska filozofia polityczna", '2015-08-08 08:00:00', '2015-08-08 17:00:00',"", "Rzeszow",1, 200,4);
INSERT INTO konferencja VALUES (9, "Rynek nieruchomosci, pracy i finansowy", '2015-09-30 08:00:00', '2015-09-30 19:00:00', "","Krakow",1, 300,5);
INSERT INTO oplaty VALUES (1,1, 150, "Oplata za konferencje: Technologia zywnosci...");
INSERT INTO oplaty VALUES (2,2, 200, "Oplata za konferencje: Ochrona i rekultywacja...");
INSERT INTO oplaty VALUES (3,3, 300, "Oplata za konferencje: Problematyka miedzykulturowa...");
INSERT INTO oplaty VALUES (4,4, 150, "Oplata za konferencje: IT Future Expo...");
INSERT INTO oplaty VALUES (5,5, 200, "Oplata za konferencje: Zjawisko bezrobocia...");
INSERT INTO oplaty VALUES (6,6, 300, "Opłata za konferencję: Ochrona zieleni...");
INSERT INTO oplaty VALUES (7,7, 150, "Opłata za konferencję: Oblicza Ingardena...");
INSERT INTO oplaty VALUES (8,8, 200, "Opłata za konferencję: Amerykańska filozofia...");
INSERT INTO oplaty VALUES (9,9, 300, "Opłata za konferencję: Rynek nieruchomosci...");
INSERT INTO przypisanie VALUES (0,100,1,1,1,1);
INSERT INTO przypisanie VALUES (1,100,1,2,1,4);
INSERT INTO przypisanie VALUES (0,0,2,3,2,1);
INSERT INTO przypisanie VALUES (1,10,2,4,2,5);
INSERT INTO przypisanie VALUES (1,150,2,5,3,7);
INSERT INTO przypisanie VALUES (1,150,2,6,3,8);
INSERT INTO przypisanie VALUES (0,0,1,7,4,4);
INSERT INTO przypisanie VALUES (1,100,1,8,4,8);
INSERT INTO przypisanie VALUES (0,0,1,9,5,7);
INSERT INTO przypisanie VALUES (1,10,1,10,5,8);
INSERT INTO przypisanie VALUES (1,150,2,11,5,1);
INSERT INTO przypisanie VALUES (1,150,1,12,11,1);
INSERT INTO przypisanie VALUES (0,0,1,13,11,2);
INSERT INTO przypisanie VALUES (1,100,2,14,16,1);
INSERT INTO przypisanie VALUES (0,0,2,15,17,2);
INSERT INTO przypisanie VALUES (1,10,1,16,18,4);
INSERT INTO przypisanie VALUES (1,150,3,17,19,3);
INSERT INTO przypisanie VALUES (1,150,3,18,20,6);
INSERT INTO przypisanie VALUES (0,0,1,19,6,3);
INSERT INTO przypisanie VALUES (1,100,3,20,6,6);
INSERT INTO przypisanie VALUES (0,0,3,21,7,6);
INSERT INTO przypisanie VALUES (1,10,3,22,7,9);
INSERT INTO przypisanie VALUES (1,150,3,23,8,3);
INSERT INTO przypisanie VALUES (1,150,3,24,8,6);
INSERT INTO przypisanie VALUES (0,0,3,25,8,9);
INSERT INTO przypisanie VALUES (1,100,3,26,9,3);
INSERT INTO przypisanie VALUES (0,0,3,27,9,6);
INSERT INTO przypisanie VALUES (0,10,3,28,9,9);
INSERT INTO przypisanie VALUES (1,150,3,29,10,3);
INSERT INTO przypisanie VALUES (1,150,3,30,10,6);
INSERT INTO przypisanie VALUES (1,100,2,31,16,5);
INSERT INTO przypisanie VALUES (0,0,2,32,17,7);
INSERT INTO przypisanie VALUES (1,10,1,33,18,8);
INSERT INTO przypisanie VALUES (1,150,3,34,19,9);
INSERT INTO przypisanie VALUES (1,150,3,35,20,3);
INSERT INTO przypisanie VALUES (1,150,3,36,19,6);
INSERT INTO przypisanie VALUES (1,150,3,37,20,9);
INSERT INTO referat VALUES (1, "Bezpieczenstwo zywnosci","Celem polityki Unii Europejskiej w zakresie bezpieczenstwa zywnosci jest ochrona zdrowia i interesow konsumentow oraz jednoczesne zagwarantowanie niezakloconego działania jednolitego rynku. Aby osiagnac ten cel, UE zapewnia okreslenie i przestrzeganie norm kontroli w zakresie higieny zywnosci i produktow zywnosciowych, zdrowia i dobrobytu zwierzat, zdrowia roslin oraz zapobiegania zagrozeniu zanieczyszczenia substancjami zewnetrznymi.",1,1,1);
INSERT INTO referat VALUES (2, "Referat2","Jakis referat",1,1,2);
INSERT INTO referat VALUES (3, "Dietetyka","Czesto dietetyka mylona jest z technologia zywnosci. Dietetyka to nauka medyczna, ktora wyspecjalizowala sie w kierunku racjonalnego odzywiania czlowieka chorego jak i zdrowego. Dietetyka zajmuje sie ocena wplywu choroby na stan odzywienia pacjenta, oraz wplywu odzywiania na wyniki leczenia chorob.",0,1,3);
INSERT INTO referat VALUES (4, "Zarzadzanie i Marketing","Ukonczenie studiow I lub II stopnia na kierunkach zwiazanych z marketingiem i zarzadzaniem jest jedynie wstepem do braku perspektyw w zyciu zawodowym. Liczy sie tutaj przede wszystkim umiejetnosc specjalistycznego lania wody,ektóra mozemy wykorzystac na gruncie biznesowym.",0,1,4);
INSERT INTO referat VALUES (5, "Referat5","Jakis referat",1,1,5);
INSERT INTO referat VALUES (6, "Zolnierze, rebelianci, kondotierzy i zbrojni.","Reinterpretacje mitow i legend zwiazanych z samurajami, rycerzami, herosami, superbohaterami. Topika wojownikow (chevalier errant, berserkerzy, samurajowie, ninja, asasyni, najemnicy, gladiatorzy, legionisci, zolnierze sil specjalnych, rycerze Jedi etc.) ·",1,1,6);
INSERT INTO referat VALUES (7, "Referat7","Super referat",0,1,7);
INSERT INTO referat VALUES (8, "Referat8","Jakis referat",0,1,8);
INSERT INTO referat VALUES (9, "Referat9","Nie chce mi sie",0,1,9);
INSERT INTO referat VALUES (10, "Referat10","Super referat",1,1,10);
INSERT INTO referat VALUES (11, "Jakosc i bezpieczenstwo zywnosci","Zbior przyjetych w skali miedzynarodowej norm zywnosci, praktyk, zalecen i wytycznych wykorzystywanych przez urzedowe sluzby kontroli, przemysl rolnospozywczy oraz srodowiska naukowe panstw zrzeszonych",1,1,11);
INSERT INTO referat VALUES (12, "Analiza zywnosci","Prawo zywnościowe UE zaklada, ze producent surowcow rolnych lub zywnosci przetworzonej jest gwarantem, ze oferowany produkt jest bezpieczny ze zdrowotnego punktu widzenia i zgodny z odpowiednimi przepisami prawa zywnosciowego",1,1,12);
INSERT INTO referat VALUES (13, "Wybrane zagadnienia ochrony i rekultywacji jezior","Kurczaca sie dostepnosc i pogarszajaca jakosc wody jest jednym z 10 największych problemow, z jakimi zaczynaja borykac sie mieszkancy Ziemi. W wielu krajach wielokrotne uzywanie tej samej wody (po podczyszczeniu) staje sie koniecznoscia. W panstwach o niewielkich zasobach wody slodkiej, do ktorych nalezy takze Polska.",0,1,13);
INSERT INTO referat VALUES (14, "(Nie)obecnosc kobiet w przestrzeni publicznej","We wspolczesnym swiecie zasieg oddzialywania mediow, zarowno w wymiarze spolecznym, problemowym jak i przestrzennym (zasięg dystrybucji przekazu), ulega stopniowemu umiedzynarodowieniu. Nasilajace sie tendencje globalizacyjne sprawiaja, iz nawet wydarzenia o lokalnym charakterze coraz czesciej warunkowane sa zdarzeniami zachodzacymi w skali transgranicznej, a nawet ogolnoswiatowej. ",1,1,19);
INSERT INTO referat VALUES (15, "Referat15","Jakis referat",0,1,20);
INSERT INTO referat VALUES (16, "Referat16","Nie chce mi sie",0,1,21);
INSERT INTO referat VALUES (17, "Referat17","Super referat",0,1,22);
INSERT INTO referat VALUES (18, "Wolnosc kultury - kultura wolnosci","W dobie wzmozonych migracji ludnosci, wzrasta rola mediow jako forum dialogu miedzykulturowego, realizowanego zarowno na poziomie miedzynarodowym, jak i w obrebie poszczegolnych panstw. Wskazanym zjawiskom spolecznym towarzyszy szybki postep w sferze technologii informacyjno-komunikacyjnych.",0,1,23);
INSERT INTO referat VALUES (19, "Referat19","Nie chce mi sie",0,1,24);
INSERT INTO referat VALUES (20, "Referat20","Super referat",0,1,25);
INSERT INTO referat VALUES (21, "Historia wystaw sztuki kobiet w Polsce","Dynamiczny rozwoj nowych mediow w duzym zakresie uniezaleznia proces komunikowania od ograniczen wynikajacych z dystansu przestrzennego i granic politycznych. W rezultacie, kluczowym czynnikiem determinujacym zasieg społeczny danego medium staje sie nie tyle miejsce zamieszkania jego potencjalnych odbiorcow, co stopien ich zainteresowania tematyka poruszana w przekazie medialnym.",1,1,26);
INSERT INTO referat VALUES (22, "Referat22","Nie chce mi sie",1,1,27);
INSERT INTO referat VALUES (23, "Referat23","Super referat",1,1,28);
INSERT INTO referat VALUES (24, "Referat24","Jakis referat",1,1,29);
INSERT INTO referat VALUES (25, "Referat25","Nie chce mi sie",0,0,30);
INSERT INTO p_recenzenta VALUES (1,1,16);
INSERT INTO p_recenzenta VALUES (2,2,17);
INSERT INTO p_recenzenta VALUES (3,3,18);
INSERT INTO p_recenzenta VALUES (4,4,16);
INSERT INTO p_recenzenta VALUES (5,5,17);
INSERT INTO p_recenzenta VALUES (6,6,18);
INSERT INTO p_recenzenta VALUES (7,7,16);
INSERT INTO p_recenzenta VALUES (8,8,17);
INSERT INTO p_recenzenta VALUES (9,9,18);
INSERT INTO p_recenzenta VALUES (10,10,16);
INSERT INTO p_recenzenta VALUES (11,11,17);
INSERT INTO p_recenzenta VALUES (12,12,18);
INSERT INTO p_recenzenta VALUES (13,13,16);
INSERT INTO p_recenzenta VALUES (14,14,19);
INSERT INTO p_recenzenta VALUES (15,15,20);
INSERT INTO p_recenzenta VALUES (16,16,19);
INSERT INTO p_recenzenta VALUES (17,17,20);
INSERT INTO p_recenzenta VALUES (18,18,19);
INSERT INTO p_recenzenta VALUES (19,19,20);
INSERT INTO p_recenzenta VALUES (20,20,19);
INSERT INTO p_recenzenta VALUES (21,21,20);
INSERT INTO p_recenzenta VALUES (22,22,19);
INSERT INTO p_recenzenta VALUES (23,23,20);
INSERT INTO p_recenzenta VALUES (24,24,19);
INSERT INTO p_recenzenta VALUES (25,25,20);
INSERT INTO p_recenzenta VALUES (27,1,17);
INSERT INTO p_recenzenta VALUES (28,2,18);
INSERT INTO p_recenzenta VALUES (29,3,16);
INSERT INTO p_recenzenta VALUES (30,4,17);
INSERT INTO p_recenzenta VALUES (31,5,18);
INSERT INTO p_recenzenta VALUES (32,6,16);
INSERT INTO p_recenzenta VALUES (33,7,17);
INSERT INTO p_recenzenta VALUES (34,8,18);
INSERT INTO p_recenzenta VALUES (35,9,16);
INSERT INTO p_recenzenta VALUES (36,10,17);
INSERT INTO p_recenzenta VALUES (37,11,18);
INSERT INTO p_recenzenta VALUES (38,12,16);
INSERT INTO p_recenzenta VALUES (39,13,17);
INSERT INTO p_recenzenta VALUES (40,14,20);
INSERT INTO p_recenzenta VALUES (41,15,19);
INSERT INTO p_recenzenta VALUES (42,16,20);
INSERT INTO p_recenzenta VALUES (43,17,19);
INSERT INTO p_recenzenta VALUES (44,18,20);
INSERT INTO p_recenzenta VALUES (45,19,19);
INSERT INTO p_recenzenta VALUES (46,20,20);
INSERT INTO p_recenzenta VALUES (47,21,19);
INSERT INTO p_recenzenta VALUES (48,22,20);
INSERT INTO p_recenzenta VALUES (49,23,19);
INSERT INTO p_recenzenta VALUES (50,24,20);
INSERT INTO p_recenzenta VALUES (51,25,19);
INSERT INTO recenzja VALUES (1,"Recenzja1","Zbyt krotka tresc referatu.",1,0,0,1,2,0,1);
INSERT INTO recenzja VALUES (2,"Recenzja2","Bardzo dobry artykul.",1,1,1,5,5,5,2);
INSERT INTO recenzja VALUES (3,"Recenzja3","Artykul napisany poprawnie.",0,0,5,2,2,5,3);
INSERT INTO recenzja VALUES (4,"Recenzja4","Zbyt krotka tresc referatu.",1,0,0,5,2,5,4);
INSERT INTO recenzja VALUES (5,"Recenzja5","Bardzo dobry artykul.",1,1,1,5,5,5,5);
INSERT INTO recenzja VALUES (6,"Recenzja6","Artykul napisany poprawnie.",0,0,1,2,2,0,6);
INSERT INTO recenzja VALUES (7,"Recenzja7","Zbyt krotka tresc referatu.",1,0,5,1,2,3,7);
INSERT INTO recenzja VALUES (8,"Recenzja8","Bardzo dobry artykul.",1,1,1,5,5,5,8);
INSERT INTO recenzja VALUES (9,"Recenzja9","Artykul napisany poprawnie.",0,0,1,2,2,4,9);
INSERT INTO recenzja VALUES (10,"Recenzja10","Zbyt krotka tresc referatu.",1,0,1,1,2,2,10);
INSERT INTO recenzja VALUES (11,"Recenzja11","Bardzo dobry artykul.",1,1,1,5,5,5,11);
INSERT INTO recenzja VALUES (12,"Recenzja12","Artykul napisany poprawnie.",0,0,1,2,2,0,12);
INSERT INTO recenzja VALUES (13,"Recenzja13","Zbyt krotka tresc referatu.",1,0,0,1,2,0,13);
INSERT INTO recenzja VALUES (14,"Recenzja14","Bardzo dobry artykul.",1,1,1,5,5,5,14);
INSERT INTO recenzja VALUES (15,"Recenzja15","Artykul napisany poprawnie.",0,0,5,2,2,5,15);
INSERT INTO recenzja VALUES (16,"Recenzja16","Zbyt krotka tresc referatu.",1,0,0,5,2,5,16);
INSERT INTO recenzja VALUES (17,"Recenzja17","Bardzo dobry artykul.",1,1,1,5,5,5,17);
INSERT INTO recenzja VALUES (18,"Recenzja18","Artykul napisany poprawnie.",0,0,1,2,2,0,18);
INSERT INTO recenzja VALUES (19,"Recenzja19","Zbyt krotka tresc referatu.",1,0,5,1,2,3,19);
INSERT INTO recenzja VALUES (20,"Recenzja20","Bardzo dobry artykul.",1,1,1,5,5,5,20);
INSERT INTO recenzja VALUES (21,"Recenzja21","Zbyt krotka tresc referatu.",1,0,1,1,2,2,21);
INSERT INTO recenzja VALUES (22,"Recenzja22","Artykul napisany poprawnie.",0,0,1,2,2,0,22);
INSERT INTO recenzja VALUES (23,"Recenzja23","Zbyt krotka tresc referatu.",1,0,0,1,2,0,23);
INSERT INTO recenzja VALUES (24,"Recenzja24","Bardzo dobry artykul.",1,1,1,5,5,5,24);
INSERT INTO recenzja VALUES (25,"Recenzja25","Artykul napisany poprawnie.",0,0,5,2,2,5,25);
INSERT INTO recenzja VALUES (27,"Recenzja27","Bardzo dobry artykul.",1,1,1,5,5,5,27);
INSERT INTO recenzja VALUES (28,"Recenzja28","Artykul napisany poprawnie.",0,0,1,2,2,0,28);
INSERT INTO recenzja VALUES (29,"Recenzja29","Zbyt krotka tresc referatu.",1,0,5,1,2,3,29);
INSERT INTO recenzja VALUES (30,"Recenzja30","Bardzo dobry artykul.",1,1,1,5,5,5,30);
INSERT INTO recenzja VALUES (31,"Recenzja31","Zbyt krotka tresc referatu.",1,0,0,1,2,4,31);
INSERT INTO recenzja VALUES (32,"Recenzja32","Bardzo dobry artykul.",1,1,1,5,5,5,32);
INSERT INTO recenzja VALUES (33,"Recenzja33","Artykul napisany poprawnie.",0,0,5,2,2,5,33);
INSERT INTO recenzja VALUES (34,"Recenzja34","Zbyt krotka tresc referatu.",1,0,0,5,2,5,34);
INSERT INTO recenzja VALUES (35,"Recenzja35","Bardzo dobry artykul.",1,1,1,5,5,5,35);
INSERT INTO recenzja VALUES (36,"Recenzja36","Artykul napisany poprawnie.",0,0,1,2,2,4,36);
INSERT INTO recenzja VALUES (37,"Recenzja37","Zbyt krotka tresc referatu.",1,0,5,1,2,3,37);
INSERT INTO recenzja VALUES (38,"Recenzja38","Bardzo dobry artykul.",1,1,1,5,5,5,38);
INSERT INTO recenzja VALUES (39,"Recenzja39","Artykul napisany poprawnie.",0,0,1,2,2,4,39);
INSERT INTO recenzja VALUES (40,"Recenzja40","Zbyt krotka tresc referatu.",1,0,1,1,2,2,40);
INSERT INTO recenzja VALUES (41,"Recenzja41","Zbyt krotka tresc referatu.",1,0,0,1,2,4,41);
INSERT INTO recenzja VALUES (42,"Recenzja42","Bardzo dobry artykul.",1,1,1,5,5,5,42);
INSERT INTO recenzja VALUES (43,"Recenzja43","Artykul napisany poprawnie.",0,0,5,2,2,5,43);
INSERT INTO recenzja VALUES (44,"Recenzja44","Zbyt krotka tresc referatu.",1,0,0,5,2,5,44);
INSERT INTO recenzja VALUES (45,"Recenzja45","Bardzo dobry artykul.",1,1,1,5,5,5,45);
INSERT INTO recenzja VALUES (46,"Recenzja46","Artykul napisany poprawnie.",0,0,1,2,2,1,46);
INSERT INTO recenzja VALUES (47,"Recenzja47","Zbyt krotka tresc referatu.",1,0,5,1,2,5,47);
INSERT INTO recenzja VALUES (48,"Recenzja48","Bardzo dobry artykul.",1,1,1,5,5,5,48);
INSERT INTO recenzja VALUES (49,"Recenzja49","Artykul napisany poprawnie.",0,0,1,2,2,4,49);
INSERT INTO recenzja VALUES (50,"Recenzja50","Zbyt krotka tresc referatu.",1,0,1,1,2,2,50);
INSERT INTO komentarz VALUES (1,"Zbyt krotka tresc referatu?",50, '2015-07-06',20);